,0,1,2,3,4,5,359,358,357,356,355,354
0,2.069999933242798,2.062000036239624,2.062999963760376,2.072000026702881,2.0739998817443848,inf,inf,2.058000087738037,2.065999984741211,2.065999984741211,2.0739998817443848,2.0759999752044678
1,2.075000047683716,2.065999984741211,2.062999963760376,2.072000026702881,2.075000047683716,inf,inf,2.066999912261963,2.065999984741211,2.065000057220459,2.0739998817443848,2.0759999752044678
2,2.063999891281128,2.059999942779541,2.063999891281128,2.072000026702881,inf,2.0759999752044678,2.065999984741211,inf,2.059000015258789,2.062000036239624,2.0739998817443848,2.075000047683716
3,2.069000005722046,2.059999942779541,2.065999984741211,2.072000026702881,inf,2.0759999752044678,2.068000078201294,inf,2.059000015258789,2.062999963760376,2.0739998817443848,2.0759999752044678
4,2.059000015258789,2.061000108718872,2.072999954223633,2.072000026702881,inf,2.0759999752044678,2.068000078201294,inf,2.061000108718872,2.063999891281128,2.0739998817443848,2.0759999752044678
5,2.058000087738037,2.061000108718872,2.065999984741211,2.072000026702881,inf,2.0759999752044678,2.068000078201294,inf,2.059999942779541,2.062999963760376,2.075000047683716,2.0769999027252197
6,2.068000078201294,2.065999984741211,2.065999984741211,2.072000026702881,inf,2.075000047683716,2.068000078201294,inf,2.059000015258789,2.062999963760376,2.0739998817443848,2.0759999752044678
7,2.065999984741211,2.065999984741211,2.062999963760376,2.072000026702881,inf,2.0739998817443848,2.059000015258789,inf,2.066999912261963,2.063999891281128,2.0739998817443848,2.0759999752044678
8,2.075000047683716,2.068000078201294,2.062999963760376,2.072999954223633,2.075000047683716,inf,inf,2.056999921798706,2.065999984741211,2.065000057220459,2.075000047683716,2.0769999027252197
9,inf,2.062999963760376,2.065000057220459,2.065999984741211,2.0759999752044678,2.078000068664551,2.063999891281128,2.055999994277954,2.068000078201294,2.065000057220459,2.0739998817443848,inf
10,2.055999994277954,2.063999891281128,inf,2.072999954223633,2.075000047683716,2.0789999961853027,2.065000057220459,2.065000057220459,2.069000005722046,inf,2.065999984741211,2.075000047683716
11,2.059999942779541,2.068000078201294,2.066999912261963,inf,2.072000026702881,2.078000068664551,2.068000078201294,2.066999912261963,inf,2.062999963760376,2.075000047683716,2.0759999752044678
12,2.069000005722046,2.065999984741211,2.063999891281128,2.066999912261963,inf,2.075000047683716,2.066999912261963,inf,2.059999942779541,2.062999963760376,2.0739998817443848,2.0759999752044678
13,2.069999933242798,2.068000078201294,2.062999963760376,2.072000026702881,2.075000047683716,inf,inf,2.058000087738037,2.065999984741211,2.065999984741211,2.0739998817443848,2.0769999027252197
14,inf,2.063999891281128,2.071000099182129,2.065000057220459,2.0759999752044678,2.078000068664551,2.066999912261963,2.071000099182129,2.068000078201294,2.065999984741211,2.0739998817443848,inf
15,2.065999984741211,2.068000078201294,inf,2.072999954223633,2.072999954223633,2.0789999961853027,2.063999891281128,2.059999942779541,2.063999891281128,inf,2.0759999752044678,2.075000047683716
16,2.065999984741211,2.061000108718872,2.065999984741211,2.072000026702881,inf,2.0759999752044678,2.066999912261963,inf,2.059000015258789,2.062999963760376,2.0739998817443848,2.0759999752044678
17,inf,2.065000057220459,2.063999891281128,2.071000099182129,2.075000047683716,inf,2.072000026702881,2.059999942779541,2.066999912261963,2.072000026702881,2.0739998817443848,inf
18,2.063999891281128,2.062999963760376,inf,2.072999954223633,2.0739998817443848,2.0799999237060547,2.065000057220459,2.059999942779541,2.069000005722046,inf,2.072000026702881,2.075000047683716
19,2.066999912261963,2.065000057220459,2.065000057220459,2.072000026702881,inf,2.0759999752044678,2.059000015258789,inf,2.065999984741211,2.062999963760376,2.0739998817443848,2.075000047683716
20,2.056999921798706,inf,2.065000057220459,2.065999984741211,2.0739998817443848,2.078000068664551,2.065000057220459,2.065999984741211,2.068000078201294,2.063999891281128,inf,2.0739998817443848
21,2.059999942779541,2.062000036239624,2.072000026702881,inf,2.065999984741211,2.0759999752044678,2.066999912261963,2.069000005722046,inf,2.062999963760376,2.075000047683716,2.0769999027252197
22,inf,2.059000015258789,2.063999891281128,2.065999984741211,2.075000047683716,2.0769999027252197,2.069000005722046,2.063999891281128,2.066999912261963,2.065000057220459,2.0739998817443848,inf
23,2.065999984741211,2.066999912261963,inf,2.065999984741211,2.072000026702881,2.0769999027252197,2.066999912261963,2.068000078201294,2.062999963760376,inf,2.075000047683716,2.075000047683716
24,2.066999912261963,2.068000078201294,2.062999963760376,2.072999954223633,inf,2.075000047683716,2.059999942779541,inf,2.066999912261963,2.063999891281128,2.0739998817443848,2.0759999752044678
25,2.056999921798706,inf,2.065999984741211,2.071000099182129,2.0759999752044678,2.0769999027252197,2.063999891281128,2.065999984741211,2.069000005722046,2.065000057220459,inf,2.0739998817443848
26,2.061000108718872,2.068000078201294,2.072999954223633,inf,2.072999954223633,2.0769999027252197,2.069999933242798,2.066999912261963,inf,2.063999891281128,2.0759999752044678,2.0759999752044678
27,2.0759999752044678,2.068000078201294,2.063999891281128,2.072000026702881,2.075000047683716,inf,inf,2.058000087738037,2.066999912261963,2.065999984741211,2.0739998817443848,2.0769999027252197
28,2.066999912261963,2.062000036239624,inf,2.072000026702881,2.072000026702881,2.0769999027252197,2.069000005722046,2.068000078201294,2.062999963760376,inf,2.075000047683716,2.0759999752044678
29,inf,2.059999942779541,2.063999891281128,2.071000099182129,2.075000047683716,inf,2.072000026702881,2.058000087738037,2.062000036239624,2.065999984741211,2.0739998817443848,inf
30,2.066999912261963,2.062000036239624,2.068000078201294,inf,2.072000026702881,2.0769999027252197,2.066999912261963,2.069000005722046,inf,2.062999963760376,2.0759999752044678,2.0769999027252197
31,2.058000087738037,inf,2.065000057220459,2.071000099182129,2.0759999752044678,2.078000068664551,2.065000057220459,2.063999891281128,2.069000005722046,2.065000057220459,inf,2.075000047683716
32,2.068000078201294,2.065000057220459,2.065999984741211,2.072000026702881,inf,2.0759999752044678,2.066999912261963,inf,2.059000015258789,2.062000036239624,2.0739998817443848,2.0759999752044678
33,2.058000087738037,inf,2.065999984741211,2.065000057220459,2.0759999752044678,2.078000068664551,2.063999891281128,2.059000015258789,2.069000005722046,2.065000057220459,inf,2.0739998817443848
34,2.066999912261963,2.061000108718872,2.066999912261963,inf,2.065999984741211,2.0759999752044678,2.066999912261963,2.068000078201294,inf,2.063999891281128,2.0759999752044678,2.0769999027252197
35,inf,2.062999963760376,2.065000057220459,2.071000099182129,2.075000047683716,2.0769999027252197,2.062999963760376,2.058000087738037,2.068000078201294,2.063999891281128,2.0739998817443848,inf
36,2.066999912261963,2.068000078201294,inf,2.0739998817443848,2.0739998817443848,2.078000068664551,2.068000078201294,2.069000005722046,2.065000057220459,inf,2.0739998817443848,2.0759999752044678
37,2.0759999752044678,2.065999984741211,2.062999963760376,2.072999954223633,2.0759999752044678,inf,inf,2.055000066757202,2.065999984741211,2.065000057220459,2.075000047683716,2.0759999752044678
38,2.056999921798706,inf,2.065000057220459,2.072999954223633,2.075000047683716,2.0789999961853027,2.065999984741211,2.066999912261963,2.069000005722046,2.065999984741211,inf,2.075000047683716
39,2.058000087738037,2.065999984741211,2.065999984741211,2.065999984741211,inf,2.0759999752044678,2.066999912261963,inf,2.059999942779541,2.062999963760376,2.0739998817443848,2.0759999752044678
40,inf,2.055999994277954,2.063999891281128,2.071000099182129,2.0759999752044678,2.078000068664551,2.063999891281128,2.056999921798706,2.068000078201294,2.065000057220459,2.075000047683716,inf
41,2.068000078201294,2.062000036239624,inf,2.068000078201294,2.072999954223633,2.0769999027252197,2.062999963760376,2.066999912261963,inf,2.062999963760376,2.075000047683716,2.075000047683716
42,2.071000099182129,2.068000078201294,2.062999963760376,2.065999984741211,2.075000047683716,inf,inf,2.056999921798706,2.065999984741211,2.065999984741211,2.0739998817443848,2.0769999027252197
43,2.065999984741211,2.062999963760376,inf,2.072000026702881,2.0739998817443848,2.0789999961853027,2.062999963760376,2.061000108718872,2.069999933242798,inf,2.075000047683716,2.075000047683716
44,2.065999984741211,2.066999912261963,2.062999963760376,2.072999954223633,inf,2.0739998817443848,inf,2.072000026702881,2.065999984741211,2.063999891281128,2.075000047683716,2.0759999752044678
45,2.066999912261963,2.068000078201294,inf,2.072999954223633,2.072999954223633,2.0789999961853027,2.069000005722046,2.069000005722046,2.062999963760376,inf,2.075000047683716,2.075000047683716
46,2.068000078201294,2.068000078201294,2.062999963760376,2.072000026702881,2.075000047683716,inf,inf,2.059000015258789,2.065999984741211,2.066999912261963,2.0739998817443848,2.0759999752044678
47,2.055999994277954,inf,2.069999933242798,2.072000026702881,2.0739998817443848,2.0789999961853027,2.065000057220459,2.058000087738037,2.069999933242798,2.065000057220459,inf,2.0739998817443848
48,2.058000087738037,2.059999942779541,2.065999984741211,2.071000099182129,inf,2.0759999752044678,2.065999984741211,inf,2.059000015258789,2.062999963760376,2.075000047683716,2.0759999752044678
49,inf,2.058000087738037,2.063999891281128,2.065999984741211,2.075000047683716,2.078000068664551,2.071000099182129,2.058000087738037,2.066999912261963,2.065999984741211,2.0739998817443848,inf
50,2.058000087738037,2.069000005722046,inf,2.0739998817443848,2.0739998817443848,2.0789999961853027,2.056999921798706,2.061000108718872,2.069000005722046,inf,2.0739998817443848,2.075000047683716
51,2.068000078201294,2.065999984741211,2.063999891281128,2.072000026702881,inf,2.075000047683716,2.059999942779541,inf,2.059999942779541,2.063999891281128,2.0739998817443848,2.075000047683716
52,2.052000045776367,inf,2.065000057220459,2.065000057220459,2.075000047683716,2.0769999027252197,2.063999891281128,2.059000015258789,2.068000078201294,2.065000057220459,inf,2.0739998817443848
53,2.066999912261963,2.062000036239624,2.065999984741211,inf,2.072000026702881,2.0759999752044678,2.068000078201294,2.061000108718872,inf,2.062999963760376,2.0759999752044678,2.0769999027252197
54,inf,2.063999891281128,2.065999984741211,2.065999984741211,2.075000047683716,2.0769999027252197,2.065999984741211,2.0739998817443848,2.068000078201294,2.065000057220459,2.0739998817443848,inf
55,2.059000015258789,2.062000036239624,2.072999954223633,inf,2.072999954223633,2.0769999027252197,2.069000005722046,2.066999912261963,inf,2.062999963760376,2.0759999752044678,2.0759999752044678
56,inf,2.066999912261963,2.062999963760376,2.072000026702881,2.0739998817443848,inf,2.0769999027252197,2.056999921798706,2.066999912261963,2.065000057220459,2.0739998817443848,inf
57,2.065000057220459,2.063999891281128,inf,2.072999954223633,2.0739998817443848,2.0799999237060547,2.063999891281128,2.068000078201294,2.069999933242798,inf,2.072000026702881,2.0759999752044678
58,2.069000005722046,2.065999984741211,2.063999891281128,2.072000026702881,inf,2.0759999752044678,2.065999984741211,inf,2.059000015258789,2.062999963760376,2.0739998817443848,2.075000047683716
59,inf,2.063999891281128,2.065000057220459,2.071000099182129,2.0759999752044678,2.0769999027252197,2.066999912261963,2.055000066757202,2.066999912261963,2.065000057220459,2.075000047683716,inf
60,2.065999984741211,2.061000108718872,inf,2.065999984741211,2.072000026702881,2.0769999027252197,2.069999933242798,2.069000005722046,2.063999891281128,inf,2.075000047683716,2.075000047683716
61,2.065999984741211,2.065999984741211,2.062999963760376,2.072999954223633,inf,2.075000047683716,2.058000087738037,inf,2.066999912261963,2.063999891281128,2.075000047683716,2.0759999752044678
62,inf,2.063999891281128,2.065000057220459,2.065999984741211,2.0759999752044678,2.078000068664551,2.065000057220459,2.072999954223633,2.068000078201294,2.065000057220459,inf,2.0739998817443848
63,2.059999942779541,2.068000078201294,2.066999912261963,inf,2.072000026702881,2.0769999027252197,2.069000005722046,2.068000078201294,inf,2.062999963760376,2.075000047683716,2.0759999752044678
64,2.069000005722046,2.068000078201294,2.062999963760376,2.065999984741211,2.0759999752044678,inf,inf,2.059000015258789,2.065999984741211,2.065999984741211,2.0739998817443848,2.0769999027252197
65,2.0510001182556152,inf,2.063999891281128,2.072000026702881,2.0739998817443848,2.0789999961853027,2.066999912261963,2.059999942779541,2.069000005722046,2.065000057220459,inf,2.0739998817443848
66,2.066999912261963,2.062000036239624,2.0739998817443848,inf,2.072000026702881,2.0759999752044678,2.068000078201294,2.068000078201294,inf,2.062999963760376,2.0759999752044678,2.0769999027252197
67,2.0739998817443848,2.061000108718872,2.062999963760376,2.072000026702881,2.075000047683716,inf,inf,2.063999891281128,2.066999912261963,2.071000099182129,2.0739998817443848,2.0769999027252197
68,2.055999994277954,inf,2.065000057220459,2.072999954223633,2.075000047683716,2.0789999961853027,2.065999984741211,2.066999912261963,2.069000005722046,2.065999984741211,inf,2.0759999752044678
69,2.058000087738037,2.068000078201294,2.072000026702881,inf,2.072000026702881,2.078000068664551,2.068000078201294,2.069000005722046,inf,2.062999963760376,2.075000047683716,2.0769999027252197
70,2.075000047683716,2.068000078201294,2.062999963760376,2.072999954223633,2.0759999752044678,inf,inf,2.058000087738037,2.065999984741211,2.065000057220459,2.0759999752044678,2.078000068664551
71,2.055999994277954,inf,2.069999933242798,2.072999954223633,2.0739998817443848,2.0789999961853027,2.065000057220459,2.065999984741211,2.069000005722046,2.071000099182129,inf,2.075000047683716
72,2.058000087738037,2.061000108718872,2.072999954223633,inf,2.072000026702881,2.0759999752044678,2.069000005722046,2.061000108718872,inf,2.062999963760376,2.075000047683716,2.0759999752044678
73,inf,2.066999912261963,2.062999963760376,2.072000026702881,2.075000047683716,inf,2.071000099182129,2.056999921798706,2.066999912261963,2.065999984741211,2.0739998817443848,inf
74,2.055999994277954,inf,2.065000057220459,2.072999954223633,2.0739998817443848,2.0789999961853027,2.065000057220459,2.065000057220459,2.063999891281128,2.065000057220459,inf,2.075000047683716
75,2.059999942779541,2.062000036239624,2.068000078201294,inf,2.072000026702881,2.0759999752044678,2.068000078201294,2.068000078201294,inf,2.062999963760376,2.0759999752044678,2.0759999752044678
76,2.069999933242798,2.068000078201294,2.062999963760376,2.072000026702881,2.075000047683716,inf,inf,2.059000015258789,2.066999912261963,2.065999984741211,2.0739998817443848,2.0769999027252197
77,2.049999952316284,inf,2.069999933242798,2.072999954223633,2.075000047683716,2.0789999961853027,2.066999912261963,2.065000057220459,2.068000078201294,2.065000057220459,inf,2.075000047683716
78,2.059000015258789,2.062000036239624,2.065999984741211,inf,2.072000026702881,2.0759999752044678,2.068000078201294,2.075000047683716,inf,2.063999891281128,2.075000047683716,2.0769999027252197
79,2.069000005722046,2.066999912261963,2.062999963760376,2.065999984741211,2.075000047683716,inf,inf,2.058000087738037,2.066999912261963,2.065999984741211,2.0739998817443848,2.0769999027252197
80,2.062999963760376,inf,2.063999891281128,2.072000026702881,2.0739998817443848,2.0789999961853027,2.071000099182129,2.059999942779541,2.068000078201294,2.065000057220459,inf,2.072999954223633
81,2.061000108718872,2.062000036239624,2.072000026702881,inf,2.072999954223633,2.0769999027252197,2.069000005722046,2.068000078201294,inf,2.063999891281128,2.075000047683716,2.0759999752044678
82,2.065999984741211,2.061000108718872,2.063999891281128,2.072000026702881,inf,2.0739998817443848,2.066999912261963,inf,2.058000087738037,2.062999963760376,2.0739998817443848,2.075000047683716
83,inf,2.058000087738037,2.063999891281128,2.071000099182129,2.075000047683716,2.0769999027252197,2.071000099182129,2.059000015258789,2.066999912261963,2.065999984741211,2.0739998817443848,inf
84,2.056999921798706,inf,2.065000057220459,2.071000099182129,2.0739998817443848,2.078000068664551,2.063999891281128,2.065999984741211,2.069000005722046,2.063999891281128,inf,2.075000047683716
85,2.063999891281128,2.069000005722046,inf,2.072999954223633,2.0739998817443848,2.0789999961853027,2.063999891281128,2.059999942779541,2.069999933242798,inf,2.072999954223633,2.075000047683716
86,2.068000078201294,2.066999912261963,inf,2.072999954223633,2.072999954223633,2.0769999027252197,2.069000005722046,2.069999933242798,2.063999891281128,inf,2.075000047683716,2.0759999752044678
87,2.065999984741211,2.068000078201294,2.066999912261963,inf,2.072000026702881,2.078000068664551,2.069000005722046,2.068000078201294,inf,2.063999891281128,2.075000047683716,2.075000047683716
88,2.059000015258789,2.059999942779541,2.065999984741211,inf,2.072000026702881,2.0759999752044678,2.069000005722046,2.065999984741211,inf,2.063999891281128,2.075000047683716,2.0769999027252197
89,2.063999891281128,2.066999912261963,2.062999963760376,2.066999912261963,2.075000047683716,inf,inf,2.058000087738037,2.065999984741211,2.063999891281128,2.075000047683716,2.075000047683716
90,inf,2.059000015258789,2.063999891281128,2.072000026702881,2.075000047683716,2.078000068664551,2.068000078201294,2.062999963760376,2.066999912261963,2.065000057220459,2.075000047683716,inf
91,2.055999994277954,inf,2.069999933242798,2.072999954223633,2.075000047683716,2.0789999961853027,2.065000057220459,2.059000015258789,2.069000005722046,2.065999984741211,inf,2.075000047683716
92,2.066999912261963,2.066999912261963,2.072999954223633,inf,2.072999954223633,2.078000068664551,2.069000005722046,2.066999912261963,inf,2.063999891281128,2.075000047683716,2.0759999752044678
93,2.065999984741211,2.065000057220459,2.065000057220459,2.072999954223633,inf,2.0759999752044678,2.059000015258789,inf,2.065999984741211,2.062999963760376,2.0739998817443848,2.075000047683716
94,inf,2.063999891281128,2.065000057220459,2.065999984741211,2.0759999752044678,2.078000068664551,2.066999912261963,2.072000026702881,2.068000078201294,2.065000057220459,2.0739998817443848,inf
95,2.066999912261963,2.066999912261963,inf,2.072000026702881,2.072000026702881,2.078000068664551,2.065999984741211,2.068000078201294,inf,2.063999891281128,2.075000047683716,2.0759999752044678
96,2.065000057220459,2.066999912261963,2.062999963760376,2.072999954223633,2.075000047683716,inf,inf,2.058000087738037,2.066999912261963,2.065000057220459,2.075000047683716,2.0769999027252197
97,2.056999921798706,inf,2.065999984741211,2.071000099182129,2.075000047683716,2.078000068664551,2.063999891281128,2.065999984741211,2.068000078201294,2.063999891281128,inf,2.0739998817443848
98,2.059000015258789,2.068000078201294,2.068000078201294,inf,2.072999954223633,2.0769999027252197,2.068000078201294,2.068000078201294,inf,2.062999963760376,2.0759999752044678,2.0759999752044678
99,2.0739998817443848,2.066999912261963,2.062999963760376,2.072000026702881,2.075000047683716,inf,inf,2.056999921798706,2.066999912261963,2.065999984741211,2.0739998817443848,2.0769999027252197
100,2.055000066757202,inf,2.069999933242798,2.072999954223633,2.0739998817443848,2.0799999237060547,2.065999984741211,2.065000057220459,2.069000005722046,inf,2.065999984741211,2.075000047683716
101,2.065000057220459,2.066999912261963,2.072000026702881,inf,2.072999954223633,2.0769999027252197,2.069000005722046,2.068000078201294,inf,2.062999963760376,2.0759999752044678,2.0759999752044678
102,2.071000099182129,2.068000078201294,2.062999963760376,2.072000026702881,2.075000047683716,inf,inf,2.065000057220459,2.068000078201294,2.065999984741211,2.072999954223633,2.0769999027252197
103,2.058000087738037,inf,2.069999933242798,2.072999954223633,2.075000047683716,2.0789999961853027,2.065999984741211,2.059000015258789,2.069000005722046,inf,2.065000057220459,2.075000047683716
104,2.056999921798706,2.061000108718872,2.066999912261963,inf,2.072000026702881,2.075000047683716,2.068000078201294,inf,2.065999984741211,2.062999963760376,2.0739998817443848,2.0759999752044678
105,inf,2.068000078201294,2.063999891281128,2.072000026702881,2.075000047683716,inf,2.0739998817443848,2.058000087738037,2.066999912261963,2.065999984741211,2.0739998817443848,inf
106,2.055999994277954,2.069000005722046,inf,2.072000026702881,2.075000047683716,2.0799999237060547,2.065999984741211,2.065000057220459,2.069000005722046,inf,2.065999984741211,2.075000047683716
107,2.065999984741211,2.066999912261963,2.072000026702881,inf,2.065999984741211,2.0759999752044678,2.066999912261963,2.068000078201294,inf,2.063999891281128,2.0759999752044678,2.0769999027252197
108,2.0769999027252197,2.059999942779541,2.062999963760376,2.072000026702881,2.0759999752044678,inf,inf,2.063999891281128,2.065999984741211,2.063999891281128,2.075000047683716,2.0759999752044678
109,inf,2.063999891281128,2.065000057220459,2.065999984741211,2.075000047683716,2.0769999027252197,2.065999984741211,2.072999954223633,2.068000078201294,2.065000057220459,2.0739998817443848,inf
110,2.056999921798706,inf,2.069000005722046,2.072999954223633,2.0739998817443848,2.0789999961853027,2.065999984741211,2.059000015258789,2.069000005722046,2.065999984741211,inf,2.075000047683716
111,2.066999912261963,2.068000078201294,inf,2.066999912261963,2.072999954223633,2.0769999027252197,2.063999891281128,2.069000005722046,inf,2.063999891281128,2.075000047683716,2.075000047683716
112,2.059000015258789,2.068000078201294,2.072999954223633,inf,2.072000026702881,2.0769999027252197,2.068000078201294,2.068000078201294,inf,2.062999963760376,2.075000047683716,2.0759999752044678
113,2.069000005722046,2.065000057220459,2.065000057220459,2.072000026702881,inf,2.075000047683716,2.068000078201294,inf,2.065000057220459,2.062000036239624,2.072999954223633,2.0759999752044678
114,2.065999984741211,2.066999912261963,2.062999963760376,2.072999954223633,inf,2.0739998817443848,inf,2.059000015258789,2.065999984741211,2.063999891281128,2.0739998817443848,2.0759999752044678
115,inf,2.065999984741211,2.062999963760376,2.072000026702881,2.0739998817443848,inf,2.075000047683716,2.058000087738037,2.066999912261963,2.063999891281128,2.0739998817443848,2.0769999027252197
116,inf,2.056999921798706,2.065000057220459,2.071000099182129,2.0759999752044678,2.078000068664551,2.063999891281128,2.056999921798706,2.068000078201294,2.065999984741211,2.075000047683716,inf
117,2.062999963760376,inf,2.065000057220459,2.071000099182129,2.0739998817443848,2.078000068664551,2.063999891281128,2.059999942779541,2.068000078201294,2.065000057220459,inf,2.0739998817443848
118,2.058000087738037,2.069000005722046,inf,2.072999954223633,2.075000047683716,2.0799999237060547,2.065000057220459,2.061000108718872,2.069000005722046,inf,2.066999912261963,2.075000047683716
119,2.068000078201294,2.068000078201294,inf,2.072999954223633,2.072999954223633,2.078000068664551,2.062000036239624,2.068000078201294,inf,2.062999963760376,2.075000047683716,2.075000047683716
120,2.068000078201294,2.059999942779541,2.065000057220459,2.072000026702881,inf,2.075000047683716,2.066999912261963,inf,2.059000015258789,2.062999963760376,2.0739998817443848,2.0769999027252197
121,2.075000047683716,2.068000078201294,2.062999963760376,2.072999954223633,2.075000047683716,inf,inf,2.056999921798706,2.066999912261963,2.065000057220459,2.075000047683716,2.0769999027252197
122,inf,2.062999963760376,2.065000057220459,2.071000099182129,2.075000047683716,2.078000068664551,2.062999963760376,2.059000015258789,2.068000078201294,2.065000057220459,2.075000047683716,inf
123,2.063999891281128,inf,2.065000057220459,2.065999984741211,2.075000047683716,2.078000068664551,2.063999891281128,2.065000057220459,2.069000005722046,2.065000057220459,inf,2.075000047683716
124,2.065999984741211,2.068000078201294,inf,2.072999954223633,2.072999954223633,2.0789999961853027,2.063999891281128,2.061000108718872,2.065000057220459,inf,2.0759999752044678,2.075000047683716
125,2.059000015258789,2.066999912261963,2.072999954223633,inf,2.072999954223633,2.0769999027252197,2.069999933242798,2.066999912261963,inf,2.062999963760376,2.0759999752044678,2.0769999027252197
126,2.069999933242798,2.065999984741211,2.065999984741211,2.072000026702881,inf,2.075000047683716,2.068000078201294,inf,2.059999942779541,2.062000036239624,2.072999954223633,2.075000047683716
127,2.071000099182129,2.068000078201294,2.062999963760376,2.072000026702881,2.075000047683716,inf,inf,2.058000087738037,2.065999984741211,2.065999984741211,2.075000047683716,2.0769999027252197
128,2.058000087738037,inf,2.065999984741211,2.071000099182129,2.0759999752044678,2.0769999027252197,2.063999891281128,2.059999942779541,2.069000005722046,2.065000057220459,inf,2.0739998817443848
129,2.062000036239624,2.066999912261963,inf,2.066999912261963,2.072999954223633,2.078000068664551,2.061000108718872,2.066999912261963,2.062999963760376,inf,2.075000047683716,2.075000047683716
130,2.065999984741211,2.065999984741211,2.065000057220459,2.072000026702881,inf,2.0759999752044678,2.059000015258789,inf,2.059000015258789,2.062999963760376,2.0739998817443848,2.075000047683716
131,inf,2.056999921798706,2.062999963760376,2.072000026702881,2.0759999752044678,2.078000068664551,2.065000057220459,2.055999994277954,2.066999912261963,2.065000057220459,2.075000047683716,inf
132,2.056999921798706,inf,2.063999891281128,2.072999954223633,2.075000047683716,2.0789999961853027,2.065999984741211,2.065000057220459,2.069000005722046,2.072000026702881,inf,2.075000047683716
133,2.059000015258789,2.068000078201294,2.066999912261963,inf,2.072999954223633,2.0769999027252197,2.069000005722046,2.069000005722046,inf,2.062999963760376,2.075000047683716,2.0759999752044678
134,2.065999984741211,2.063999891281128,2.065000057220459,2.072000026702881,inf,2.0759999752044678,2.059999942779541,inf,2.065999984741211,2.062999963760376,2.0739998817443848,2.075000047683716
135,inf,2.055999994277954,2.065000057220459,2.071000099182129,2.075000047683716,2.078000068664551,2.065999984741211,2.063999891281128,2.066999912261963,2.065000057220459,2.075000047683716,inf
136,2.055000066757202,inf,2.069999933242798,2.072999954223633,2.0739998817443848,2.0799999237060547,2.065999984741211,2.065000057220459,2.069000005722046,2.065999984741211,inf,2.075000047683716
137,2.059000015258789,2.068000078201294,2.072999954223633,inf,2.072999954223633,2.0769999027252197,2.069000005722046,2.068000078201294,inf,2.062999963760376,2.0759999752044678,2.0759999752044678
138,2.0759999752044678,2.066999912261963,2.062999963760376,2.072000026702881,2.075000047683716,inf,inf,2.056999921798706,2.065999984741211,2.065999984741211,2.075000047683716,2.0759999752044678
139,2.058000087738037,inf,2.063999891281128,2.066999912261963,2.0739998817443848,2.0789999961853027,2.075000047683716,2.065000057220459,2.068000078201294,2.063999891281128,inf,2.0739998817443848
140,2.058000087738037,2.068000078201294,2.066999912261963,inf,2.072999954223633,2.078000068664551,2.068000078201294,2.068000078201294,inf,2.062999963760376,2.075000047683716,2.0759999752044678
141,2.069000005722046,2.066999912261963,2.062999963760376,2.066999912261963,2.075000047683716,inf,inf,2.058000087738037,2.066999912261963,2.066999912261963,2.0739998817443848,2.0769999027252197
142,2.055999994277954,2.069000005722046,inf,2.072000026702881,2.0739998817443848,2.0789999961853027,2.065000057220459,2.059000015258789,2.069999933242798,inf,2.072000026702881,2.0739998817443848
143,2.069000005722046,2.065999984741211,2.065999984741211,2.072000026702881,inf,2.075000047683716,2.068000078201294,inf,2.059000015258789,2.062999963760376,2.0739998817443848,2.0769999027252197
144,inf,2.062999963760376,2.065999984741211,2.065999984741211,2.075000047683716,2.078000068664551,2.062999963760376,2.058000087738037,2.068000078201294,2.065000057220459,2.075000047683716,inf
145,2.066999912261963,2.068000078201294,inf,2.072999954223633,2.072999954223633,2.078000068664551,2.069999933242798,2.069999933242798,2.062999963760376,inf,2.0759999752044678,2.0759999752044678
146,2.071000099182129,2.068000078201294,2.062999963760376,2.072000026702881,2.075000047683716,inf,inf,2.058000087738037,2.065999984741211,2.065999984741211,2.075000047683716,2.0769999027252197
147,2.066999912261963,2.068000078201294,inf,2.072999954223633,2.072999954223633,2.078000068664551,2.069999933242798,2.069999933242798,2.062999963760376,inf,2.075000047683716,2.075000047683716
148,2.068000078201294,2.066999912261963,2.062999963760376,2.072000026702881,2.075000047683716,inf,inf,2.059000015258789,2.066999912261963,2.065999984741211,2.0739998817443848,2.0769999027252197
149,2.066999912261963,2.062000036239624,2.066999912261963,inf,2.072999954223633,2.0769999027252197,2.062000036239624,2.068000078201294,inf,2.062000036239624,2.075000047683716,2.075000047683716
150,inf,2.059999942779541,2.063999891281128,2.071000099182129,2.075000047683716,inf,2.0739998817443848,2.058000087738037,2.066999912261963,2.065999984741211,2.0739998817443848,inf
151,2.066999912261963,2.062000036239624,inf,2.066999912261963,2.072999954223633,2.078000068664551,2.062000036239624,2.066999912261963,inf,2.062999963760376,2.075000047683716,2.075000047683716
152,2.072000026702881,2.068000078201294,2.062999963760376,2.072000026702881,2.075000047683716,inf,inf,2.056999921798706,2.065999984741211,2.065999984741211,2.0759999752044678,2.0769999027252197
153,2.055999994277954,inf,2.069999933242798,2.072999954223633,2.075000047683716,2.0789999961853027,2.065999984741211,2.065000057220459,2.069000005722046,2.065999984741211,inf,2.075000047683716
154,2.065999984741211,2.062000036239624,2.072999954223633,inf,2.072999954223633,2.0769999027252197,2.066999912261963,2.068000078201294,inf,2.063999891281128,2.0759999752044678,2.0769999027252197
155,2.072000026702881,2.066999912261963,2.062999963760376,2.072000026702881,2.075000047683716,inf,inf,2.058000087738037,2.066999912261963,2.065000057220459,2.0739998817443848,2.0769999027252197
156,2.056999921798706,inf,2.063999891281128,2.071000099182129,2.0739998817443848,2.0789999961853027,2.063999891281128,2.065999984741211,2.068000078201294,2.063999891281128,inf,2.0739998817443848
157,2.065999984741211,2.068000078201294,inf,2.072999954223633,2.072999954223633,2.0789999961853027,2.066999912261963,2.068000078201294,2.063999891281128,inf,2.075000047683716,2.075000047683716
158,2.059000015258789,2.062000036239624,2.065999984741211,inf,2.072000026702881,2.0769999027252197,2.066999912261963,2.075000047683716,inf,2.062999963760376,2.075000047683716,2.0769999027252197
159,2.068000078201294,2.065999984741211,2.063999891281128,2.072999954223633,inf,2.075000047683716,2.059999942779541,inf,2.059000015258789,2.063999891281128,2.0739998817443848,2.0759999752044678
160,inf,2.066999912261963,2.063999891281128,2.072000026702881,2.075000047683716,inf,2.0810000896453857,2.058000087738037,2.065999984741211,2.065000057220459,2.075000047683716,inf
161,2.063999891281128,inf,2.065000057220459,2.071000099182129,2.075000047683716,2.078000068664551,2.065000057220459,2.068000078201294,2.068000078201294,2.065000057220459,inf,2.075000047683716
162,2.055999994277954,2.062999963760376,inf,2.072000026702881,2.0739998817443848,2.0799999237060547,2.066999912261963,2.058000087738037,2.069999933242798,inf,2.065999984741211,2.075000047683716
163,2.068000078201294,2.068000078201294,2.072000026702881,inf,2.072999954223633,2.0769999027252197,2.062000036239624,2.065999984741211,inf,2.062000036239624,2.075000047683716,2.075000047683716
164,2.058000087738037,2.061000108718872,2.065999984741211,2.065999984741211,inf,2.0759999752044678,2.065999984741211,inf,2.059000015258789,2.063999891281128,2.0739998817443848,2.0759999752044678
165,2.071000099182129,2.068000078201294,2.062000036239624,2.072000026702881,2.075000047683716,inf,inf,2.066999912261963,2.065999984741211,2.065000057220459,2.0739998817443848,2.0759999752044678
166,inf,2.062999963760376,2.065000057220459,2.065999984741211,2.0759999752044678,2.078000068664551,2.062999963760376,2.058000087738037,2.068000078201294,2.065000057220459,2.0739998817443848,inf
167,2.055999994277954,inf,2.063999891281128,2.072999954223633,2.0739998817443848,2.0789999961853027,2.065999984741211,2.065999984741211,2.069000005722046,2.065999984741211,inf,2.075000047683716
168,2.058000087738037,2.068000078201294,2.072000026702881,inf,2.072999954223633,2.0769999027252197,2.068000078201294,2.069000005722046,inf,2.062999963760376,2.0739998817443848,2.0759999752044678
169,2.071000099182129,2.069000005722046,2.062999963760376,2.066999912261963,2.075000047683716,inf,inf,2.056999921798706,2.066999912261963,2.065000057220459,2.075000047683716,2.0769999027252197
170,2.063999891281128,inf,2.063999891281128,2.071000099182129,2.0739998817443848,2.078000068664551,2.071000099182129,2.065999984741211,2.068000078201294,2.065000057220459,inf,2.0739998817443848
171,2.059000015258789,2.068000078201294,2.072999954223633,inf,2.072999954223633,2.0769999027252197,2.068000078201294,2.068000078201294,inf,2.062999963760376,2.075000047683716,2.0759999752044678
172,2.072000026702881,2.066999912261963,2.062999963760376,2.072000026702881,2.075000047683716,inf,inf,2.058000087738037,2.065999984741211,2.071000099182129,2.0739998817443848,2.0759999752044678
173,2.055999994277954,inf,2.063999891281128,2.072999954223633,2.0739998817443848,2.078000068664551,2.065999984741211,2.065999984741211,2.068000078201294,2.065000057220459,inf,2.075000047683716
174,2.069000005722046,2.059999942779541,2.065999984741211,2.072000026702881,inf,2.075000047683716,2.066999912261963,inf,2.059000015258789,2.062000036239624,2.0739998817443848,2.0759999752044678
175,inf,2.056999921798706,2.063999891281128,2.065999984741211,2.0759999752044678,2.078000068664551,2.065999984741211,2.055000066757202,2.065999984741211,2.065000057220459,2.075000047683716,inf
176,2.065999984741211,2.066999912261963,inf,2.072000026702881,2.072999954223633,2.0769999027252197,2.069000005722046,2.069000005722046,2.062999963760376,inf,2.075000047683716,2.075000047683716
177,2.065999984741211,2.066999912261963,2.063999891281128,2.072000026702881,inf,2.075000047683716,2.065999984741211,inf,2.058000087738037,2.063999891281128,2.075000047683716,2.0759999752044678
178,inf,2.062000036239624,2.065000057220459,2.071000099182129,2.075000047683716,2.078000068664551,2.063999891281128,2.058000087738037,2.068000078201294,2.065000057220459,2.075000047683716,inf
179,2.065000057220459,2.063999891281128,inf,2.0739998817443848,2.075000047683716,2.0799999237060547,2.065000057220459,2.066999912261963,2.069999933242798,inf,2.072999954223633,2.075000047683716
180,2.058000087738037,2.065999984741211,2.072000026702881,inf,2.072000026702881,2.0759999752044678,2.069000005722046,inf,2.061000108718872,2.062999963760376,2.075000047683716,2.0759999752044678
181,2.075000047683716,2.068000078201294,2.062999963760376,2.072000026702881,2.075000047683716,inf,inf,2.056999921798706,2.066999912261963,2.065999984741211,2.0739998817443848,2.0769999027252197
182,2.055999994277954,inf,2.063999891281128,2.072999954223633,2.0739998817443848,2.0789999961853027,2.065999984741211,2.065999984741211,2.069000005722046,inf,2.065000057220459,2.075000047683716
183,2.058000087738037,2.059999942779541,2.072000026702881,inf,2.072000026702881,2.0759999752044678,2.068000078201294,inf,2.059999942779541,2.063999891281128,2.075000047683716,2.0759999752044678
184,inf,2.062000036239624,2.062999963760376,2.072000026702881,2.075000047683716,inf,2.075000047683716,2.058000087738037,2.066999912261963,2.072000026702881,2.075000047683716,inf
185,2.065000057220459,2.062999963760376,inf,2.072999954223633,2.075000047683716,2.0799999237060547,2.065000057220459,2.066999912261963,2.069999933242798,inf,2.072000026702881,2.0739998817443848
186,2.066999912261963,2.066999912261963,2.072000026702881,inf,2.072000026702881,2.075000047683716,2.066999912261963,2.066999912261963,inf,2.063999891281128,2.0759999752044678,2.0769999027252197
187,2.0759999752044678,2.061000108718872,2.062999963760376,2.072999954223633,2.0759999752044678,inf,inf,2.056999921798706,2.065999984741211,2.065000057220459,2.075000047683716,2.0759999752044678
188,2.052000045776367,inf,2.065000057220459,2.071000099182129,2.075000047683716,2.0789999961853027,2.069000005722046,2.065999984741211,2.068000078201294,2.063999891281128,inf,2.0739998817443848
189,2.059000015258789,2.068000078201294,2.072000026702881,inf,2.072000026702881,2.0769999027252197,2.068000078201294,2.068000078201294,inf,2.062000036239624,2.0739998817443848,2.075000047683716
190,2.069999933242798,2.068000078201294,2.062999963760376,2.072000026702881,2.075000047683716,inf,inf,2.059000015258789,2.065999984741211,2.065999984741211,2.0739998817443848,2.0759999752044678
191,2.063999891281128,2.062999963760376,inf,2.072000026702881,2.0739998817443848,2.0789999961853027,2.063999891281128,2.059999942779541,2.063999891281128,inf,2.072999954223633,2.0739998817443848
192,2.069000005722046,2.065999984741211,2.065000057220459,2.072000026702881,inf,2.0739998817443848,2.062999963760376,inf,2.059000015258789,2.062999963760376,2.0739998817443848,2.0769999027252197
193,inf,2.062000036239624,2.065000057220459,2.071000099182129,2.0759999752044678,2.078000068664551,2.062999963760376,2.058000087738037,2.066999912261963,2.063999891281128,2.0739998817443848,inf
194,2.055999994277954,inf,2.069999933242798,2.072999954223633,2.075000047683716,2.0789999961853027,2.065999984741211,2.065000057220459,2.069000005722046,2.065000057220459,inf,2.075000047683716
195,2.059999942779541,2.068000078201294,2.072999954223633,inf,2.072999954223633,2.0789999961853027,2.066999912261963,2.066999912261963,inf,2.062999963760376,2.075000047683716,2.075000047683716
196,2.065000057220459,2.066999912261963,2.063999891281128,2.072999954223633,inf,2.075000047683716,2.065999984741211,inf,2.059000015258789,2.062999963760376,2.075000047683716,2.0759999752044678
197,2.0739998817443848,2.068000078201294,2.062999963760376,2.072000026702881,2.075000047683716,inf,inf,2.058000087738037,2.066999912261963,2.065999984741211,2.0739998817443848,2.0769999027252197
198,2.063999891281128,inf,2.065999984741211,2.065000057220459,2.075000047683716,2.0769999027252197,2.063999891281128,2.063999891281128,2.069000005722046,2.065000057220459,inf,2.0739998817443848
199,2.062000036239624,2.066999912261963,inf,2.068000078201294,2.0739998817443848,2.0789999961853027,2.069999933242798,2.069999933242798,2.063999891281128,inf,2.0739998817443848,2.0759999752044678
200,2.071000099182129,2.065000057220459,2.065000057220459,2.072000026702881,inf,2.0759999752044678,2.068000078201294,inf,2.059999942779541,2.062999963760376,2.0739998817443848,2.0759999752044678
201,inf,2.055999994277954,2.063999891281128,2.071000099182129,2.0759999752044678,2.0789999961853027,2.063999891281128,2.056999921798706,2.068000078201294,2.065000057220459,2.075000047683716,inf
202,2.065000057220459,2.069000005722046,inf,2.072000026702881,2.0739998817443848,2.0799999237060547,2.063999891281128,2.066999912261963,2.069999933242798,inf,2.072999954223633,2.075000047683716
203,2.065999984741211,2.061000108718872,2.065999984741211,inf,2.072000026702881,2.0759999752044678,2.068000078201294,2.062000036239624,inf,2.062999963760376,2.075000047683716,2.0769999027252197
204,2.065000057220459,2.065000057220459,2.063999891281128,2.072999954223633,inf,2.0759999752044678,2.059000015258789,inf,2.066999912261963,2.062999963760376,2.0739998817443848,2.0759999752044678
205,inf,2.058000087738037,2.063999891281128,2.065999984741211,2.075000047683716,2.078000068664551,2.071000099182129,2.056999921798706,2.062000036239624,2.072000026702881,2.0739998817443848,inf
206,2.062999963760376,inf,2.063999891281128,2.072000026702881,2.0739998817443848,2.0789999961853027,2.069000005722046,2.059999942779541,2.069000005722046,2.065999984741211,inf,2.072999954223633
207,2.059999942779541,2.066999912261963,2.066999912261963,inf,2.072999954223633,2.0769999027252197,2.069000005722046,2.068000078201294,inf,2.062999963760376,2.075000047683716,2.0759999752044678
208,2.063999891281128,2.066999912261963,2.062999963760376,2.072999954223633,2.075000047683716,inf,inf,2.059000015258789,2.065999984741211,2.063999891281128,2.075000047683716,2.075000047683716
209,inf,2.063999891281128,2.065999984741211,2.071000099182129,2.075000047683716,2.078000068664551,2.065999984741211,2.072000026702881,2.068000078201294,2.065000057220459,2.0739998817443848,inf
210,2.066999912261963,2.069000005722046,inf,2.0739998817443848,2.0739998817443848,2.0789999961853027,2.068000078201294,2.069000005722046,2.065000057220459,inf,2.075000047683716,2.075000047683716
211,2.065000057220459,2.065999984741211,2.062999963760376,2.072999954223633,inf,2.075000047683716,inf,2.059000015258789,2.066999912261963,2.063999891281128,2.075000047683716,2.0759999752044678
212,2.062999963760376,inf,2.065000057220459,2.072000026702881,2.075000047683716,2.0789999961853027,2.072999954223633,2.065999984741211,2.068000078201294,2.063999891281128,inf,2.0739998817443848
213,2.066999912261963,2.062000036239624,2.065999984741211,inf,2.072000026702881,2.0759999752044678,2.066999912261963,2.069000005722046,inf,2.062999963760376,2.075000047683716,2.0769999027252197
214,2.0739998817443848,2.068000078201294,2.063999891281128,2.072000026702881,2.075000047683716,inf,inf,2.058000087738037,2.066999912261963,2.065999984741211,2.0739998817443848,2.0759999752044678
215,2.055999994277954,inf,2.069999933242798,2.072000026702881,2.075000047683716,2.0799999237060547,2.066999912261963,2.065999984741211,2.069999933242798,inf,2.066999912261963,2.075000047683716
216,2.059000015258789,2.068000078201294,2.072999954223633,inf,2.0739998817443848,2.0769999027252197,2.069000005722046,2.068000078201294,inf,2.062999963760376,2.075000047683716,2.0759999752044678
217,2.065000057220459,2.065000057220459,2.063999891281128,2.072999954223633,inf,2.075000047683716,2.058000087738037,inf,2.066999912261963,2.062999963760376,2.075000047683716,2.075000047683716
218,inf,2.056999921798706,2.065000057220459,2.065999984741211,2.075000047683716,2.078000068664551,2.062999963760376,2.058000087738037,2.068000078201294,2.065000057220459,2.0739998817443848,inf
219,2.055999994277954,inf,2.069999933242798,2.072999954223633,2.0739998817443848,2.0789999961853027,2.065999984741211,2.065000057220459,2.069000005722046,2.065999984741211,inf,2.075000047683716
220,2.059999942779541,2.062000036239624,2.066999912261963,inf,2.072000026702881,2.0759999752044678,2.069000005722046,inf,2.062000036239624,2.062999963760376,2.075000047683716,2.0769999027252197
221,2.072999954223633,2.068000078201294,2.063999891281128,2.072999954223633,2.075000047683716,inf,inf,2.056999921798706,2.066999912261963,2.065999984741211,2.0739998817443848,2.0759999752044678
222,2.056999921798706,2.063999891281128,inf,2.072999954223633,2.075000047683716,2.0799999237060547,2.065999984741211,2.065999984741211,2.069999933242798,inf,2.072000026702881,2.075000047683716
223,2.065999984741211,2.061000108718872,2.065999984741211,2.065999984741211,inf,2.0759999752044678,2.068000078201294,inf,2.059000015258789,2.063999891281128,2.075000047683716,2.0769999027252197
224,inf,2.056999921798706,2.063999891281128,2.071000099182129,2.075000047683716,2.078000068664551,2.069999933242798,2.059000015258789,2.062000036239624,2.065999984741211,2.0739998817443848,inf
225,2.058000087738037,2.063999891281128,inf,2.0739998817443848,2.075000047683716,2.0799999237060547,2.065000057220459,2.061000108718872,2.063999891281128,inf,2.072999954223633,2.075000047683716
226,2.056999921798706,2.065999984741211,2.066999912261963,inf,2.072000026702881,2.0759999752044678,2.068000078201294,inf,2.065999984741211,2.062999963760376,2.0739998817443848,2.075000047683716
227,2.069000005722046,2.068000078201294,2.062999963760376,2.072000026702881,2.075000047683716,inf,inf,2.058000087738037,2.065999984741211,2.072000026702881,2.0739998817443848,2.0759999752044678
228,inf,2.063999891281128,2.065999984741211,2.065999984741211,2.075000047683716,2.078000068664551,2.066999912261963,2.058000087738037,2.068000078201294,2.063999891281128,2.072999954223633,inf
229,2.055999994277954,inf,2.065000057220459,2.072999954223633,2.075000047683716,2.0789999961853027,2.065999984741211,2.065999984741211,2.069000005722046,2.065999984741211,inf,2.075000047683716
230,2.066999912261963,2.069000005722046,inf,2.0739998817443848,2.0739998817443848,2.078000068664551,2.063999891281128,2.066999912261963,2.065000057220459,inf,2.0739998817443848,2.075000047683716
231,2.066999912261963,2.068000078201294,2.065999984741211,inf,2.0739998817443848,2.078000068664551,2.066999912261963,2.068000078201294,inf,2.063999891281128,2.0739998817443848,2.075000047683716
232,2.066999912261963,2.062000036239624,2.072999954223633,inf,2.072999954223633,2.0769999027252197,2.069999933242798,2.066999912261963,inf,2.063999891281128,2.0759999752044678,2.0759999752044678
233,2.059999942779541,2.062999963760376,2.072999954223633,inf,2.072999954223633,2.0769999027252197,2.068000078201294,2.068000078201294,inf,2.062999963760376,2.0739998817443848,2.075000047683716
234,2.059000015258789,2.062000036239624,2.066999912261963,inf,2.072999954223633,2.0769999027252197,2.069000005722046,2.068000078201294,inf,2.062999963760376,2.0759999752044678,2.0759999752044678
235,2.059000015258789,2.068000078201294,2.065999984741211,inf,2.072000026702881,2.0769999027252197,2.066999912261963,2.0759999752044678,inf,2.062999963760376,2.0739998817443848,2.0759999752044678
236,2.065000057220459,2.061000108718872,2.066999912261963,inf,2.072999954223633,2.0759999752044678,2.068000078201294,inf,2.065999984741211,2.062999963760376,2.075000047683716,2.0769999027252197
237,2.069000005722046,2.065999984741211,2.065999984741211,2.072000026702881,inf,2.075000047683716,2.068000078201294,inf,2.065000057220459,2.062000036239624,2.072999954223633,2.0759999752044678
238,2.065000057220459,2.066999912261963,2.062999963760376,2.072999954223633,2.075000047683716,inf,inf,2.059000015258789,2.061000108718872,2.063999891281128,2.075000047683716,2.0759999752044678
239,2.071000099182129,2.066999912261963,2.062999963760376,2.072000026702881,2.075000047683716,inf,inf,2.056999921798706,2.061000108718872,2.065999984741211,2.0739998817443848,2.0759999752044678
240,inf,2.063999891281128,2.065999984741211,2.065999984741211,2.0759999752044678,2.078000068664551,2.065999984741211,2.072999954223633,2.068000078201294,2.065000057220459,2.0739998817443848,inf
241,2.062000036239624,inf,2.063999891281128,2.072999954223633,2.075000047683716,2.0789999961853027,2.069000005722046,2.059999942779541,2.069000005722046,2.065000057220459,inf,2.0739998817443848
242,2.066999912261963,2.066999912261963,inf,2.066999912261963,2.072999954223633,2.0769999027252197,2.065999984741211,2.068000078201294,inf,2.062999963760376,2.075000047683716,2.075000047683716
243,2.069000005722046,2.065000057220459,2.065000057220459,2.072000026702881,inf,2.075000047683716,2.068000078201294,inf,2.059000015258789,2.062999963760376,2.0739998817443848,2.0769999027252197
244,2.075000047683716,2.066999912261963,2.062999963760376,2.072999954223633,2.075000047683716,inf,inf,2.058000087738037,2.065999984741211,2.065999984741211,2.075000047683716,2.0769999027252197
245,inf,2.058000087738037,2.065000057220459,2.065999984741211,2.0759999752044678,2.0789999961853027,2.065999984741211,2.072999954223633,2.068000078201294,2.065999984741211,2.075000047683716,inf
246,2.055999994277954,2.063999891281128,inf,2.072000026702881,2.0739998817443848,2.0789999961853027,2.065999984741211,2.058000087738037,2.069999933242798,inf,2.066999912261963,2.075000047683716
247,2.061000108718872,2.066999912261963,2.068000078201294,inf,2.072999954223633,2.078000068664551,2.069000005722046,2.066999912261963,inf,2.062999963760376,2.075000047683716,2.0759999752044678
248,2.071000099182129,2.065000057220459,2.065000057220459,2.072000026702881,inf,2.075000047683716,2.068000078201294,inf,2.059999942779541,2.062000036239624,2.072999954223633,2.075000047683716
249,2.069000005722046,2.068000078201294,2.062999963760376,2.072000026702881,2.075000047683716,inf,inf,2.059000015258789,2.065999984741211,2.066999912261963,2.075000047683716,2.0769999027252197
250,inf,2.063999891281128,2.065999984741211,2.072000026702881,2.075000047683716,2.078000068664551,2.065999984741211,2.058000087738037,2.069000005722046,2.065000057220459,inf,2.0739998817443848
251,2.055999994277954,inf,2.069999933242798,2.072999954223633,2.075000047683716,2.0789999961853027,2.066999912261963,2.065999984741211,2.069000005722046,2.065999984741211,inf,2.075000047683716
252,2.062000036239624,2.068000078201294,2.072999954223633,inf,2.072999954223633,2.078000068664551,2.066999912261963,2.066999912261963,inf,2.062999963760376,2.075000047683716,2.075000047683716
253,2.066999912261963,2.065000057220459,2.065000057220459,2.072999954223633,inf,2.0759999752044678,inf,2.059999942779541,2.065999984741211,2.063999891281128,2.0739998817443848,2.0759999752044678
254,inf,2.063999891281128,2.065000057220459,2.071000099182129,2.0759999752044678,2.078000068664551,2.066999912261963,2.055999994277954,2.066999912261963,2.065000057220459,2.0739998817443848,inf
255,2.058000087738037,2.063999891281128,inf,2.066999912261963,2.075000047683716,2.0799999237060547,2.063999891281128,2.061000108718872,2.069000005722046,inf,2.072000026702881,2.0739998817443848
256,2.065999984741211,2.066999912261963,2.066999912261963,inf,2.072999954223633,2.0769999027252197,2.069999933242798,2.068000078201294,inf,2.062999963760376,2.075000047683716,2.0759999752044678
257,2.065999984741211,2.065999984741211,2.065000057220459,2.072000026702881,inf,2.0759999752044678,2.059999942779541,inf,2.059999942779541,2.062999963760376,2.0739998817443848,2.075000047683716
258,2.065000057220459,2.066999912261963,2.062999963760376,2.072999954223633,2.075000047683716,inf,inf,2.059000015258789,2.066999912261963,2.063999891281128,2.075000047683716,2.075000047683716
259,2.0769999027252197,2.062000036239624,2.063999891281128,2.072999954223633,2.0759999752044678,inf,inf,2.056999921798706,2.065999984741211,2.065000057220459,2.075000047683716,2.0759999752044678
260,2.075000047683716,2.068000078201294,2.063999891281128,2.072000026702881,2.075000047683716,inf,inf,2.058000087738037,2.068000078201294,2.065999984741211,2.0739998817443848,2.0769999027252197
261,inf,2.062999963760376,2.065999984741211,2.071000099182129,2.0759999752044678,2.078000068664551,2.065000057220459,2.055000066757202,2.068000078201294,2.065000057220459,2.0739998817443848,inf
262,2.062999963760376,inf,2.065000057220459,2.071000099182129,2.0739998817443848,2.078000068664551,2.063999891281128,2.065999984741211,2.068000078201294,2.065000057220459,inf,2.0739998817443848
263,2.056999921798706,inf,2.065000057220459,2.072999954223633,2.075000047683716,2.0789999961853027,2.065999984741211,2.065999984741211,2.069000005722046,2.065999984741211,inf,2.075000047683716
264,2.065999984741211,2.063999891281128,inf,2.072999954223633,2.0739998817443848,2.0799999237060547,2.063999891281128,2.061000108718872,2.063999891281128,inf,2.0739998817443848,2.075000047683716
265,2.068000078201294,2.068000078201294,inf,2.072999954223633,2.072999954223633,2.078000068664551,2.066999912261963,2.068000078201294,2.062999963760376,inf,2.075000047683716,2.0759999752044678
266,2.059000015258789,2.066999912261963,2.072999954223633,inf,2.072000026702881,2.0759999752044678,2.066999912261963,2.069999933242798,inf,2.062999963760376,2.075000047683716,2.0769999027252197
267,2.065999984741211,2.066999912261963,2.065000057220459,2.072999954223633,inf,2.075000047683716,2.066999912261963,inf,2.058000087738037,2.063999891281128,2.075000047683716,2.0759999752044678
268,2.072999954223633,2.068000078201294,2.063999891281128,2.072000026702881,2.075000047683716,inf,inf,2.058000087738037,2.065999984741211,2.065999984741211,2.075000047683716,2.0759999752044678
269,inf,2.063999891281128,2.063999891281128,2.065999984741211,2.0759999752044678,2.078000068664551,2.065999984741211,2.075000047683716,2.066999912261963,2.065000057220459,2.0739998817443848,inf
270,2.063999891281128,2.063999891281128,inf,2.072999954223633,2.075000047683716,2.0789999961853027,2.065000057220459,2.059999942779541,2.069000005722046,inf,2.072000026702881,2.075000047683716
271,2.061000108718872,2.066999912261963,2.068000078201294,inf,2.072999954223633,2.0769999027252197,2.068000078201294,2.065999984741211,inf,2.062999963760376,2.075000047683716,2.0759999752044678
272,2.059000015258789,2.068000078201294,2.066999912261963,inf,2.072999954223633,2.0769999027252197,2.066999912261963,2.069999933242798,inf,2.062999963760376,2.075000047683716,2.0759999752044678
273,2.066999912261963,2.065999984741211,2.065000057220459,2.072000026702881,inf,2.0759999752044678,2.066999912261963,inf,2.065999984741211,2.062999963760376,2.0739998817443848,2.0759999752044678
274,2.065000057220459,2.065000057220459,2.062999963760376,2.072999954223633,2.075000047683716,inf,inf,2.056999921798706,2.066999912261963,2.065000057220459,2.075000047683716,2.0759999752044678
275,2.0769999027252197,2.065000057220459,2.062999963760376,2.072999954223633,2.0759999752044678,inf,inf,2.066999912261963,2.065999984741211,2.063999891281128,2.0739998817443848,2.075000047683716
276,2.065999984741211,2.066999912261963,2.062999963760376,2.072999954223633,inf,2.075000047683716,2.059000015258789,inf,2.066999912261963,2.063999891281128,2.075000047683716,2.0759999752044678
277,2.063999891281128,2.065000057220459,2.065000057220459,2.072000026702881,inf,2.0759999752044678,2.066999912261963,inf,2.065999984741211,2.062999963760376,2.0739998817443848,2.075000047683716
278,2.058000087738037,2.065999984741211,2.065999984741211,2.072000026702881,inf,2.0759999752044678,2.068000078201294,inf,2.059999942779541,2.063999891281128,2.075000047683716,2.0769999027252197
279,2.059999942779541,2.062000036239624,2.065999984741211,inf,2.072000026702881,2.0759999752044678,2.068000078201294,2.069000005722046,inf,2.062999963760376,2.075000047683716,2.0769999027252197
280,2.058000087738037,2.068000078201294,2.065999984741211,inf,2.072000026702881,2.0769999027252197,2.068000078201294,2.068000078201294,inf,2.062999963760376,2.075000047683716,2.0759999752044678
281,2.065999984741211,2.066999912261963,2.065999984741211,inf,2.072000026702881,2.0759999752044678,2.066999912261963,2.069999933242798,inf,2.062999963760376,2.075000047683716,2.0769999027252197
282,2.069000005722046,2.059999942779541,2.065999984741211,2.072999954223633,inf,2.0759999752044678,2.066999912261963,inf,2.059999942779541,2.062999963760376,2.0739998817443848,2.0759999752044678
283,2.063999891281128,2.066999912261963,2.065000057220459,2.072999954223633,inf,2.075000047683716,2.065999984741211,inf,2.059000015258789,2.062999963760376,2.075000047683716,2.0759999752044678
284,2.065999984741211,2.063999891281128,2.063999891281128,2.072999954223633,2.0759999752044678,inf,inf,2.058000087738037,2.065999984741211,2.063999891281128,2.075000047683716,2.0759999752044678
285,inf,2.068000078201294,2.063999891281128,2.072000026702881,2.075000047683716,inf,2.0759999752044678,2.058000087738037,2.066999912261963,2.065999984741211,2.0739998817443848,inf
286,inf,2.063999891281128,2.072000026702881,2.072000026702881,2.075000047683716,2.078000068664551,2.065999984741211,2.056999921798706,2.068000078201294,2.065000057220459,2.072999954223633,inf
287,2.062999963760376,inf,2.063999891281128,2.072000026702881,2.0739998817443848,2.078000068664551,2.072999954223633,2.065999984741211,2.069000005722046,2.065000057220459,inf,2.0739998817443848
288,2.065999984741211,2.068000078201294,inf,2.066999912261963,2.072999954223633,2.078000068664551,2.065999984741211,2.068000078201294,2.063999891281128,inf,2.075000047683716,2.075000047683716
289,2.066999912261963,2.066999912261963,2.066999912261963,inf,2.072000026702881,2.0759999752044678,2.068000078201294,2.066999912261963,inf,2.063999891281128,2.0759999752044678,2.078000068664551
290,2.072999954223633,2.059999942779541,2.065000057220459,2.072000026702881,inf,2.0759999752044678,2.059999942779541,inf,2.065000057220459,2.062999963760376,2.0739998817443848,2.075000047683716
291,inf,2.062000036239624,2.062999963760376,2.065999984741211,2.075000047683716,inf,2.075000047683716,2.058000087738037,2.066999912261963,2.065999984741211,2.0739998817443848,inf
292,2.058000087738037,inf,2.063999891281128,2.065999984741211,2.072999954223633,2.078000068664551,2.071000099182129,2.059999942779541,2.069000005722046,2.065999984741211,inf,2.0739998817443848
293,2.061000108718872,2.066999912261963,2.072999954223633,inf,2.072999954223633,2.078000068664551,2.069999933242798,2.065999984741211,inf,2.063999891281128,2.075000047683716,2.0769999027252197
294,2.062999963760376,2.059000015258789,2.063999891281128,2.072999954223633,2.0759999752044678,inf,inf,2.056999921798706,2.065999984741211,2.062999963760376,2.075000047683716,2.0759999752044678
295,2.058000087738037,inf,2.065999984741211,2.071000099182129,2.075000047683716,2.078000068664551,2.063999891281128,2.065999984741211,2.068000078201294,2.065000057220459,inf,2.0739998817443848
296,2.059000015258789,2.068000078201294,2.072000026702881,inf,2.072999954223633,2.078000068664551,2.068000078201294,2.068000078201294,inf,2.062999963760376,2.075000047683716,2.0759999752044678
297,inf,2.055999994277954,2.063999891281128,2.065999984741211,2.075000047683716,2.078000068664551,2.065000057220459,2.063999891281128,2.066999912261963,2.065000057220459,2.075000047683716,inf
298,2.061000108718872,2.068000078201294,2.072000026702881,inf,2.072999954223633,2.078000068664551,2.068000078201294,2.068000078201294,inf,2.062999963760376,2.0739998817443848,2.075000047683716
299,inf,2.056999921798706,2.062999963760376,2.072000026702881,2.0759999752044678,2.078000068664551,2.065000057220459,2.055000066757202,2.066999912261963,2.065000057220459,2.075000047683716,inf
300,2.065000057220459,2.066999912261963,2.065999984741211,inf,2.072999954223633,2.0759999752044678,2.068000078201294,2.062999963760376,inf,2.063999891281128,2.075000047683716,2.0759999752044678
301,inf,2.063999891281128,2.065000057220459,2.071000099182129,2.0759999752044678,2.078000068664551,2.065999984741211,2.075000047683716,2.068000078201294,2.065000057220459,2.075000047683716,inf
302,2.058000087738037,2.065999984741211,2.066999912261963,inf,2.072000026702881,2.0759999752044678,2.069000005722046,inf,2.066999912261963,2.063999891281128,2.075000047683716,2.0759999752044678
303,2.058000087738037,inf,2.063999891281128,2.072000026702881,2.072999954223633,2.0789999961853027,2.072999954223633,2.065999984741211,2.069000005722046,2.065000057220459,inf,2.0739998817443848
304,2.068000078201294,2.065999984741211,2.063999891281128,2.072000026702881,inf,2.075000047683716,2.059999942779541,inf,2.059999942779541,2.063999891281128,2.0739998817443848,2.0759999752044678
305,2.055999994277954,inf,2.063999891281128,2.072999954223633,2.075000047683716,2.0789999961853027,2.066999912261963,2.065000057220459,2.069000005722046,2.065999984741211,inf,2.075000047683716
306,2.065999984741211,2.065999984741211,2.063999891281128,2.0739998817443848,inf,2.0759999752044678,2.059000015258789,inf,2.068000078201294,2.062999963760376,2.075000047683716,2.0759999752044678
307,2.056999921798706,inf,2.065000057220459,2.072999954223633,2.075000047683716,2.0799999237060547,2.068000078201294,2.066999912261963,2.069000005722046,2.065999984741211,inf,2.0739998817443848
308,2.065999984741211,2.065999984741211,2.063999891281128,2.072999954223633,inf,2.075000047683716,2.066999912261963,inf,2.065000057220459,2.062999963760376,2.0739998817443848,2.0759999752044678
309,2.049999952316284,inf,2.069999933242798,2.072999954223633,2.0739998817443848,2.0789999961853027,2.065000057220459,2.065999984741211,2.069000005722046,2.065999984741211,inf,2.0739998817443848
310,2.066999912261963,2.065999984741211,2.063999891281128,2.072999954223633,inf,2.075000047683716,2.066999912261963,inf,2.059000015258789,2.063999891281128,2.075000047683716,2.0759999752044678
311,2.056999921798706,2.063999891281128,inf,2.072999954223633,2.0759999752044678,2.0789999961853027,2.065000057220459,2.068000078201294,2.063999891281128,inf,2.072999954223633,2.075000047683716
312,2.072999954223633,2.068000078201294,2.062999963760376,2.072999954223633,2.075000047683716,inf,inf,2.058000087738037,2.065999984741211,2.065000057220459,2.075000047683716,2.0769999027252197
313,2.068000078201294,2.068000078201294,inf,2.066999912261963,2.072999954223633,2.078000068664551,2.069000005722046,2.069000005722046,2.063999891281128,inf,2.075000047683716,2.075000047683716
314,2.071000099182129,2.068000078201294,2.062999963760376,2.072000026702881,2.075000047683716,inf,inf,2.058000087738037,2.065999984741211,2.065999984741211,2.075000047683716,2.0769999027252197
315,2.065000057220459,2.069000005722046,inf,2.072999954223633,2.0739998817443848,2.0799999237060547,2.065000057220459,2.061000108718872,2.069999933242798,inf,2.0739998817443848,2.075000047683716
316,2.065999984741211,2.068000078201294,2.062999963760376,2.072999954223633,inf,2.0739998817443848,inf,2.072000026702881,2.066999912261963,2.065000057220459,2.075000047683716,2.0759999752044678
317,2.055999994277954,2.063999891281128,inf,2.072000026702881,2.075000047683716,2.0789999961853027,2.065999984741211,2.059000015258789,2.069999933242798,inf,2.072000026702881,2.075000047683716
318,2.0739998817443848,2.066999912261963,2.062999963760376,2.072999954223633,2.075000047683716,inf,inf,2.055999994277954,2.065999984741211,2.065000057220459,2.075000047683716,2.0759999752044678
319,2.065999984741211,2.069000005722046,inf,2.072999954223633,2.0739998817443848,2.0789999961853027,2.063999891281128,2.066999912261963,2.065000057220459,inf,2.075000047683716,2.075000047683716
320,2.072999954223633,2.068000078201294,2.062999963760376,2.072000026702881,2.075000047683716,inf,inf,2.058000087738037,2.065999984741211,2.065000057220459,2.075000047683716,2.0769999027252197
321,2.065000057220459,2.063999891281128,inf,2.072999954223633,2.075000047683716,2.0799999237060547,2.063999891281128,2.061000108718872,2.069999933242798,inf,2.072999954223633,2.075000047683716
322,2.066999912261963,2.065999984741211,2.065000057220459,2.072999954223633,inf,2.075000047683716,2.065999984741211,inf,2.065999984741211,2.063999891281128,2.0739998817443848,2.0759999752044678
323,inf,2.063999891281128,2.065000057220459,2.065999984741211,2.075000047683716,2.078000068664551,2.065000057220459,2.063999891281128,2.068000078201294,2.065000057220459,inf,2.0739998817443848
324,2.061000108718872,2.068000078201294,2.072999954223633,inf,2.072999954223633,2.078000068664551,2.069000005722046,2.068000078201294,inf,2.062999963760376,2.0739998817443848,2.0759999752044678
325,2.072999954223633,2.066999912261963,2.062999963760376,2.072999954223633,2.075000047683716,inf,inf,2.063999891281128,2.065999984741211,2.065000057220459,2.0739998817443848,2.0759999752044678
326,2.062999963760376,inf,2.065000057220459,2.071000099182129,2.075000047683716,2.0769999027252197,2.062999963760376,2.059999942779541,2.069000005722046,2.065000057220459,inf,2.0739998817443848
327,2.061000108718872,2.068000078201294,inf,2.068000078201294,2.0739998817443848,2.0789999961853027,2.069000005722046,2.069000005722046,2.063999891281128,inf,2.0739998817443848,2.0759999752044678
328,2.072999954223633,2.065000057220459,2.065000057220459,2.072000026702881,inf,2.075000047683716,2.068000078201294,inf,2.059999942779541,2.062000036239624,2.0739998817443848,2.0759999752044678
329,inf,2.068000078201294,2.062999963760376,2.072000026702881,2.075000047683716,inf,2.0759999752044678,2.058000087738037,2.066999912261963,2.065999984741211,2.0739998817443848,inf
330,2.056999921798706,inf,2.063999891281128,2.072000026702881,2.0739998817443848,2.0789999961853027,2.069000005722046,2.061000108718872,2.069000005722046,2.065000057220459,inf,2.072999954223633
331,2.059000015258789,2.066999912261963,2.072999954223633,inf,2.0739998817443848,2.0769999027252197,2.069999933242798,2.068000078201294,inf,2.062999963760376,2.0759999752044678,2.0769999027252197
332,2.0769999027252197,2.065999984741211,2.062999963760376,2.072999954223633,2.0759999752044678,inf,inf,2.055000066757202,2.065999984741211,2.063999891281128,2.075000047683716,2.0759999752044678
333,2.058000087738037,inf,2.065000057220459,2.071000099182129,2.075000047683716,2.078000068664551,2.065000057220459,2.065999984741211,2.069000005722046,2.065000057220459,inf,2.072999954223633
334,2.066999912261963,2.068000078201294,2.066999912261963,inf,2.072999954223633,2.078000068664551,2.066999912261963,2.068000078201294,inf,2.062999963760376,2.075000047683716,2.075000047683716
335,2.066999912261963,2.065999984741211,2.063999891281128,2.072999954223633,inf,2.075000047683716,2.059999942779541,inf,2.059999942779541,2.062999963760376,2.075000047683716,2.0759999752044678
336,inf,2.055999994277954,2.065999984741211,2.072000026702881,2.0759999752044678,2.078000068664551,2.063999891281128,2.059000015258789,2.068000078201294,2.065000057220459,2.0739998817443848,inf
337,2.059000015258789,2.063999891281128,inf,2.072999954223633,2.075000047683716,2.0789999961853027,2.065000057220459,2.066999912261963,2.069000005722046,inf,2.072000026702881,2.075000047683716
338,2.072999954223633,2.065000057220459,2.065000057220459,2.072000026702881,inf,2.075000047683716,2.068000078201294,inf,2.065000057220459,2.062000036239624,2.072999954223633,2.075000047683716
339,2.058000087738037,inf,2.065000057220459,2.065999984741211,2.075000047683716,2.078000068664551,2.065000057220459,2.065000057220459,2.068000078201294,2.065000057220459,inf,2.0739998817443848
340,2.058000087738037,2.065999984741211,2.066999912261963,inf,2.072000026702881,2.0759999752044678,2.069000005722046,inf,2.065999984741211,2.062999963760376,2.0739998817443848,2.0759999752044678
341,inf,2.063999891281128,2.065000057220459,2.072000026702881,2.0759999752044678,2.078000068664551,2.068000078201294,2.062999963760376,2.066999912261963,2.065999984741211,2.0739998817443848,inf
342,2.059000015258789,2.068000078201294,2.066999912261963,inf,2.072999954223633,2.078000068664551,2.068000078201294,2.068000078201294,inf,2.062000036239624,2.0739998817443848,2.075000047683716
343,inf,2.068000078201294,2.063999891281128,2.072000026702881,2.075000047683716,inf,2.0739998817443848,2.058000087738037,2.066999912261963,2.065999984741211,2.0739998817443848,inf
344,2.055999994277954,2.069999933242798,inf,2.072000026702881,2.0739998817443848,2.0799999237060547,2.068000078201294,2.058000087738037,2.069999933242798,inf,2.072000026702881,2.0739998817443848
345,2.066999912261963,2.065999984741211,2.065000057220459,2.072999954223633,inf,2.075000047683716,2.068000078201294,inf,2.059999942779541,2.063999891281128,2.075000047683716,2.0769999027252197
346,inf,2.058000087738037,2.063999891281128,2.072000026702881,2.075000047683716,inf,2.069999933242798,2.059000015258789,2.068000078201294,2.071000099182129,2.0739998817443848,inf
347,2.056999921798706,2.063999891281128,inf,2.072000026702881,2.075000047683716,2.0789999961853027,2.065999984741211,2.058000087738037,2.063999891281128,inf,2.072000026702881,2.075000047683716
348,2.068000078201294,2.065999984741211,2.065999984741211,2.072999954223633,inf,2.075000047683716,2.068000078201294,inf,2.059999942779541,2.062999963760376,2.0739998817443848,2.0759999752044678
349,inf,2.061000108718872,2.062999963760376,2.071000099182129,2.075000047683716,2.078000068664551,2.075000047683716,2.059000015258789,2.066999912261963,2.065999984741211,2.0739998817443848,inf
350,2.063999891281128,inf,2.065000057220459,2.065999984741211,2.075000047683716,2.078000068664551,2.065000057220459,2.068000078201294,2.068000078201294,2.065000057220459,inf,2.075000047683716
351,2.055999994277954,2.069000005722046,inf,2.066999912261963,2.075000047683716,2.0789999961853027,2.065999984741211,2.059000015258789,2.069999933242798,inf,2.065999984741211,2.0739998817443848
352,2.059999942779541,2.062000036239624,2.068000078201294,inf,2.072999954223633,2.0769999027252197,2.069000005722046,2.066999912261963,inf,2.062999963760376,2.075000047683716,2.0759999752044678
353,2.065000057220459,2.063999891281128,2.062999963760376,2.072999954223633,2.0759999752044678,inf,inf,2.058000087738037,2.065999984741211,2.062999963760376,2.075000047683716,2.075000047683716
354,inf,2.058000087738037,2.063999891281128,2.065000057220459,2.075000047683716,2.0769999027252197,2.065000057220459,2.0759999752044678,2.068000078201294,2.065999984741211,2.075000047683716,inf
355,2.066999912261963,2.066999912261963,inf,2.066999912261963,2.0739998817443848,2.078000068664551,2.069000005722046,2.069000005722046,2.062999963760376,inf,2.075000047683716,2.075000047683716
356,2.068000078201294,2.065999984741211,2.065000057220459,2.072999954223633,inf,2.075000047683716,2.065999984741211,inf,2.059000015258789,2.063999891281128,2.075000047683716,2.0759999752044678
357,inf,2.056999921798706,2.065000057220459,2.065999984741211,2.0759999752044678,2.078000068664551,2.066999912261963,2.071000099182129,2.066999912261963,2.065000057220459,2.0739998817443848,inf
358,2.062000036239624,2.066999912261963,inf,2.0739998817443848,2.0739998817443848,2.0769999027252197,2.059999942779541,2.065999984741211,2.063999891281128,inf,2.0739998817443848,2.0759999752044678
359,2.0769999027252197,2.063999891281128,2.062999963760376,2.072999954223633,2.0759999752044678,inf,inf,2.056999921798706,2.065999984741211,2.063999891281128,2.075000047683716,2.0759999752044678
360,2.055999994277954,inf,2.069999933242798,2.072999954223633,2.075000047683716,2.0789999961853027,2.065999984741211,2.065999984741211,2.069000005722046,2.065000057220459,inf,2.075000047683716
361,2.058000087738037,2.061000108718872,2.065999984741211,2.072000026702881,inf,2.0759999752044678,2.069000005722046,inf,2.059999942779541,2.062999963760376,2.075000047683716,2.0769999027252197
362,inf,2.056999921798706,2.063999891281128,2.065999984741211,2.075000047683716,2.078000068664551,2.065999984741211,2.063999891281128,2.066999912261963,2.065000057220459,2.075000047683716,inf
363,2.066999912261963,2.069000005722046,inf,2.0739998817443848,2.072999954223633,2.078000068664551,2.063999891281128,2.061000108718872,2.063999891281128,inf,2.075000047683716,2.075000047683716
364,2.068000078201294,2.065000057220459,2.065000057220459,2.072999954223633,inf,2.075000047683716,2.059999942779541,inf,2.065999984741211,2.063999891281128,2.0739998817443848,2.075000047683716
365,2.062999963760376,inf,2.065000057220459,2.071000099182129,2.0739998817443848,2.078000068664551,2.065999984741211,2.065999984741211,2.068000078201294,2.063999891281128,inf,2.0739998817443848
366,2.061000108718872,2.066999912261963,2.065999984741211,inf,2.066999912261963,2.075000047683716,2.068000078201294,2.069000005722046,inf,2.062999963760376,2.0759999752044678,2.078000068664551
367,inf,2.063999891281128,2.065000057220459,2.065999984741211,2.0759999752044678,2.078000068664551,2.063999891281128,2.055999994277954,2.068000078201294,2.065000057220459,2.0739998817443848,inf
368,2.066999912261963,2.068000078201294,2.066999912261963,inf,2.0739998817443848,2.078000068664551,2.068000078201294,2.065999984741211,inf,2.062999963760376,2.075000047683716,2.0759999752044678
369,2.0739998817443848,2.066999912261963,2.062999963760376,2.072000026702881,2.0759999752044678,inf,inf,2.056999921798706,2.065999984741211,2.065000057220459,2.075000047683716,2.0769999027252197
370,2.055999994277954,inf,2.065000057220459,2.072999954223633,2.075000047683716,2.0789999961853027,2.066999912261963,2.065000057220459,2.069999933242798,inf,2.065999984741211,2.0739998817443848
371,2.059000015258789,2.061000108718872,2.065999984741211,2.066999912261963,inf,2.075000047683716,2.068000078201294,inf,2.059000015258789,2.063999891281128,2.075000047683716,2.0759999752044678
372,inf,2.062000036239624,2.065000057220459,2.065999984741211,2.075000047683716,2.078000068664551,2.063999891281128,2.059000015258789,2.068000078201294,2.065000057220459,2.0739998817443848,inf
373,2.066999912261963,2.068000078201294,inf,2.072999954223633,2.0739998817443848,2.0789999961853027,2.069999933242798,2.069999933242798,2.063999891281128,inf,2.0739998817443848,2.0759999752044678
374,2.0769999027252197,2.065999984741211,2.062999963760376,2.072999954223633,2.0759999752044678,inf,inf,2.056999921798706,2.065999984741211,2.065000057220459,2.0739998817443848,2.0769999027252197
375,2.065999984741211,2.062999963760376,inf,2.072999954223633,2.0739998817443848,2.078000068664551,2.066999912261963,2.068000078201294,2.065000057220459,inf,2.0739998817443848,2.0759999752044678
376,2.075000047683716,2.061000108718872,2.062999963760376,2.072000026702881,2.075000047683716,inf,inf,2.065000057220459,2.066999912261963,2.065000057220459,2.0739998817443848,2.0759999752044678
377,2.059000015258789,2.066999912261963,2.066999912261963,inf,2.072999954223633,2.0769999027252197,2.069999933242798,2.066999912261963,inf,2.062999963760376,2.0759999752044678,2.0769999027252197
378,2.062999963760376,inf,2.063999891281128,2.065000057220459,2.0739998817443848,2.078000068664551,2.063999891281128,2.059000015258789,2.068000078201294,2.065000057220459,inf,2.0739998817443848
379,2.065999984741211,2.066999912261963,2.062999963760376,2.072000026702881,inf,2.0739998817443848,inf,2.072000026702881,2.061000108718872,2.065000057220459,2.075000047683716,2.0759999752044678
380,2.068000078201294,2.068000078201294,inf,2.072000026702881,2.072999954223633,2.078000068664551,2.062000036239624,2.066999912261963,inf,2.062999963760376,2.075000047683716,2.075000047683716
381,inf,2.063999891281128,2.065000057220459,2.065000057220459,2.075000047683716,2.078000068664551,2.065000057220459,2.058000087738037,2.068000078201294,2.065000057220459,inf,2.0739998817443848
382,2.063999891281128,2.059000015258789,2.062999963760376,2.072999954223633,2.075000047683716,inf,inf,2.058000087738037,2.065999984741211,2.062999963760376,2.0739998817443848,2.075000047683716
383,2.061000108718872,2.068000078201294,2.066999912261963,inf,2.072999954223633,2.078000068664551,2.069000005722046,2.066999912261963,inf,2.062999963760376,2.075000047683716,2.0759999752044678
384,2.063999891281128,inf,2.065999984741211,2.065000057220459,2.075000047683716,2.078000068664551,2.063999891281128,2.059000015258789,2.069000005722046,2.065999984741211,inf,2.0739998817443848
385,2.068000078201294,2.065999984741211,2.063999891281128,2.072999954223633,inf,2.075000047683716,2.066999912261963,inf,2.059000015258789,2.062999963760376,2.0739998817443848,2.0759999752044678
386,2.055999994277954,inf,2.063999891281128,2.072000026702881,2.0739998817443848,2.0769999027252197,2.066999912261963,2.065000057220459,2.069000005722046,inf,2.065000057220459,2.075000047683716
387,2.0739998817443848,2.062000036239624,2.062999963760376,2.065999984741211,2.075000047683716,inf,inf,2.058000087738037,2.066999912261963,2.065999984741211,2.0739998817443848,2.0769999027252197
388,2.068000078201294,2.066999912261963,inf,2.072999954223633,2.072999954223633,2.078000068664551,2.059999942779541,2.065999984741211,inf,2.062999963760376,2.0739998817443848,2.075000047683716
389,inf,2.061000108718872,2.063999891281128,2.072000026702881,2.075000047683716,inf,2.0769999027252197,2.058000087738037,2.066999912261963,2.065000057220459,2.0739998817443848,inf
390,2.068000078201294,2.068000078201294,inf,2.0739998817443848,2.0739998817443848,2.078000068664551,2.069999933242798,2.069999933242798,2.069999933242798,inf,2.0739998817443848,2.0759999752044678
391,2.071000099182129,2.066999912261963,2.062999963760376,2.072000026702881,2.075000047683716,inf,inf,2.058000087738037,2.065999984741211,2.065999984741211,2.0739998817443848,2.0759999752044678
392,2.066999912261963,2.066999912261963,2.072999954223633,inf,2.0739998817443848,2.078000068664551,2.069999933242798,2.065999984741211,inf,2.063999891281128,2.075000047683716,2.0769999027252197
393,inf,2.063999891281128,2.065999984741211,2.072000026702881,2.075000047683716,2.078000068664551,2.065999984741211,2.056999921798706,2.068000078201294,2.065000057220459,2.0739998817443848,inf
394,2.069000005722046,2.065999984741211,2.065999984741211,2.072000026702881,inf,2.075000047683716,2.068000078201294,inf,2.059000015258789,2.063999891281128,2.075000047683716,2.0769999027252197
395,2.055000066757202,inf,2.065000057220459,2.072000026702881,2.075000047683716,2.0789999961853027,2.066999912261963,2.063999891281128,2.069000005722046,2.065999984741211,inf,2.075000047683716
396,2.0759999752044678,2.065999984741211,2.062999963760376,2.072999954223633,2.0759999752044678,inf,inf,2.055000066757202,2.065999984741211,2.065000057220459,2.075000047683716,2.0769999027252197
397,2.066999912261963,2.068000078201294,inf,2.068000078201294,2.0739998817443848,2.078000068664551,2.069999933242798,2.069000005722046,2.062999963760376,inf,2.075000047683716,2.075000047683716
398,inf,2.058000087738037,2.063999891281128,2.071000099182129,2.075000047683716,2.078000068664551,2.069000005722046,2.063999891281128,2.062000036239624,2.065000057220459,2.075000047683716,inf
399,2.059000015258789,2.068000078201294,2.066999912261963,inf,2.072999954223633,2.0769999027252197,2.069000005722046,2.068000078201294,inf,2.062000036239624,2.075000047683716,2.0769999027252197
